,sampTime,resX,resY,pred_x_pix,pred_y_pix
66,89648.70000000112,1920,1200,1053.148903916995,588.5951740704107
67,89698.40000000037,1920,1200,1055.2863454608662,577.4734804826203
68,89730.60000000149,1920,1200,1051.572776718758,588.8082354237963
69,89764.40000000037,1920,1200,1056.384902049032,579.026436223772
70,89797.5,1920,1200,1052.3953185316018,575.5039947152682
71,89830.10000000149,1920,1200,1050.6232154107042,594.4720482642362
72,89862.70000000112,1920,1200,1053.3133144660676,573.9853492938512
73,89896.0,1920,1200,1053.6250563882822,586.9153232528472
74,89928.70000000112,1920,1200,1009.8954378038306,603.1954418361864
75,89963.30000000075,1920,1200,1046.116493861084,611.064648614621
76,89994.70000000112,1920,1200,1044.5285285059383,611.9620800985302
77,90028.10000000149,1920,1200,1044.1963157037248,616.7256647559233
78,90060.60000000149,1920,1200,1046.7375304415443,612.9316349007419
79,90093.70000000112,1920,1200,1041.9469811265665,611.8937956233775
80,90131.80000000076,1920,1200,1073.8272532521894,604.3985119545384
81,90160.40000000036,1920,1200,1051.024077505555,614.5142353364694
82,90192.40000000036,1920,1200,1051.9640330285442,611.6366842350232
83,90226.0,1920,1200,1072.5495685705982,606.0793769138397
84,90258.60000000148,1920,1200,1064.7390994071218,609.809835475847
85,90291.60000000148,1920,1200,1057.7246053765157,608.4987038519009
86,90335.10000000148,1920,1200,1082.1219715933228,601.5797296451484
87,90357.80000000076,1920,1200,1068.7772922456525,607.7337572596662
88,90391.10000000148,1920,1200,1054.9799027828317,613.1767309956745
89,90424.80000000076,1920,1200,1055.115004044721,609.7825306214411
90,90458.30000000076,1920,1200,1057.154099890537,610.035719471008
91,90489.60000000148,1920,1200,1071.5610496179245,612.2082288966643
92,90522.70000000112,1920,1200,1074.4885288460662,604.232155088969
93,90555.40000000036,1920,1200,1076.2738977491124,602.9605932972593
94,90588.60000000148,1920,1200,1051.2096008589494,612.9488267506833
255,96688.0,1920,1200,1048.2204974900262,577.7154946720816
256,96730.30000000076,1920,1200,1051.0795733249622,577.1156231474326
257,96763.80000000076,1920,1200,1048.4153912443348,579.0164228750517
258,96796.5,1920,1200,1052.930444962173,582.4277752050306
259,96830.70000000112,1920,1200,1054.8636709939249,579.2898093086716
260,96863.40000000036,1920,1200,1054.4863636180198,577.3646151016832
261,96896.10000000148,1920,1200,1054.930919668456,570.5862021661372
262,96928.30000000076,1920,1200,1051.2798547434684,579.0274701819841
263,96961.90000000036,1920,1200,1006.084929273673,618.5399683791269
264,96994.60000000148,1920,1200,1057.129349673531,610.4767562035082
265,97034.90000000036,1920,1200,1071.0888765053337,606.9177001429154
266,97061.5,1920,1200,1048.5725322841186,614.489693772759
267,97094.20000000112,1920,1200,1057.931721044673,609.0282751333534
268,97126.30000000076,1920,1200,1060.986449458526,611.110824246175
269,97159.60000000148,1920,1200,1057.8282442206405,609.4158926505985
270,97193.10000000148,1920,1200,1065.0356173172104,609.7609111195471
271,97225.10000000148,1920,1200,1065.912590032941,605.0125731115917
272,97258.70000000112,1920,1200,1044.2166770604315,614.3906002353103
273,97292.30000000076,1920,1200,1060.9531818368212,609.9293879451375
274,97325.0,1920,1200,1059.583242453568,610.5089913283314
275,97357.70000000112,1920,1200,1065.9274228234708,608.490965166911
276,97391.10000000148,1920,1200,1066.329143245708,606.4066327193107
277,97423.0,1920,1200,1061.101477354331,609.7900977224874
278,97456.70000000112,1920,1200,1057.0410860330446,613.5665451752382
279,97490.40000000036,1920,1200,1050.0816887547862,609.4506930101513
280,97523.20000000112,1920,1200,1068.9505506869032,606.3793495389762
281,97555.70000000112,1920,1200,1060.486136012745,610.1810053029742
282,97588.30000000076,1920,1200,1033.556739053872,615.7663611211543
283,97621.40000000036,1920,1200,1059.499816915892,609.9255140700772
809,117778.20000000112,1920,1200,1046.6734905661635,575.9788445371709
810,117811.30000000076,1920,1200,1052.3998515180094,598.0550769912949
811,117877.80000000076,1920,1200,1051.831031134206,578.4601774461584
812,117910.20000000112,1920,1200,1054.2536645252746,571.5938401174645
813,117942.80000000076,1920,1200,1053.5898608944974,564.2001835255376
814,117977.30000000076,1920,1200,1049.758085028665,558.6703519703225
815,118009.90000000036,1920,1200,1058.3346497654463,570.7643116102914
816,118075.5,1920,1200,1040.4621707902163,569.5806929487293
817,118108.60000000148,1920,1200,1037.0793956819566,615.0326394937796
818,118141.30000000076,1920,1200,1063.9319241052174,612.1032741687732
819,118174.20000000112,1920,1200,1049.8337750472317,615.3277533481274
820,118207.20000000112,1920,1200,1055.3418571045097,614.6434358321603
821,118273.20000000112,1920,1200,1046.3558494314825,614.2066695164447
822,118306.0,1920,1200,1083.7460220758726,598.782198751482
823,118339.10000000148,1920,1200,1049.6355060019064,612.8874204640058
824,118371.90000000036,1920,1200,1047.9011848693465,617.842542888615
825,118405.60000000148,1920,1200,1045.3271581334636,612.3577507432274
826,118438.90000000036,1920,1200,1045.381947663987,610.6121886909564
827,118470.90000000036,1920,1200,1079.3144108014756,603.9138646195195
828,118504.5,1920,1200,1046.294973169886,611.7537198796452
829,118537.60000000148,1920,1200,1045.99902118593,611.3519144265252
830,118570.20000000112,1920,1200,1045.5995394849922,611.9120531021942
831,118603.30000000076,1920,1200,1043.92473160059,613.8183913876561
832,118669.70000000112,1920,1200,1047.170975480413,612.3803120119945
833,118702.40000000036,1920,1200,1053.889499794959,609.6024183823126
834,118734.90000000036,1920,1200,1038.5733239179167,630.9608779803864
1167,131816.1000000015,1920,1200,1055.2710421727886,569.360879220593
1168,131861.80000000077,1920,1200,1057.5757027482437,575.5686943844627
1169,131894.40000000037,1920,1200,1057.4667220372598,578.1382104267018
1170,131927.1000000015,1920,1200,1053.7394358874976,584.9430243653842
1171,131960.6000000015,1920,1200,1056.6031652691192,579.1696618442043
1172,131993.20000000112,1920,1200,1056.9304499012408,578.8076829538796
1173,132025.90000000037,1920,1200,1056.8983877989006,579.4477678649895
1174,132059.40000000037,1920,1200,1056.8343446549598,576.1225972398161
1175,132091.90000000037,1920,1200,1056.297032066384,578.7773217095774
1176,132125.30000000077,1920,1200,1032.4192496337826,619.0902238716956
1177,132158.5,1920,1200,1048.0977199379183,613.6310389383833
1178,132191.5,1920,1200,1054.428646474061,608.4854239991226
1179,132224.70000000112,1920,1200,1042.0392656026895,610.5052774170722
1180,132257.1000000015,1920,1200,1054.5730456169736,611.9332831001184
1181,132290.70000000112,1920,1200,1051.4155892935712,613.0700939973937
1182,132323.0,1920,1200,1061.3671863980435,610.585152517403
1183,132356.40000000037,1920,1200,1069.2153154595624,605.780334295738
1184,132389.6000000015,1920,1200,1054.6479211697597,610.8080056387129
1185,132422.40000000037,1920,1200,1057.0836891467077,610.5865914420707
1186,132456.5,1920,1200,1054.7473929499713,612.9494268894528
1187,132488.80000000077,1920,1200,1046.3647692042332,612.8683595966672
1188,132521.30000000077,1920,1200,1071.2550261156168,608.1791628895062
1189,132554.5,1920,1200,1057.5549683374811,611.1610649465689
1190,132588.1000000015,1920,1200,1050.4820074787744,616.4463265710255
1191,132620.40000000037,1920,1200,1067.2760324594683,608.0164904067345
1192,132653.30000000077,1920,1200,1058.263630130978,611.3120330463144
1193,132686.70000000112,1920,1200,1069.2667795138666,609.3533717402909
1194,132718.90000000037,1920,1200,1048.4226186713186,618.587886823043
1195,132752.30000000077,1920,1200,1067.4154427084698,605.6447660792784
1519,145863.1000000015,1920,1200,1056.421001633025,574.7480041950055
1520,145905.30000000077,1920,1200,1057.8722137787722,576.3655807739938
1521,145938.1000000015,1920,1200,1052.1098669926662,571.7191957359111
1522,145971.30000000077,1920,1200,1035.8358591286276,579.003325107461
1523,146004.90000000037,1920,1200,1031.1578225959977,558.4144255433134
1524,146037.20000000112,1920,1200,1057.760555281368,580.0635296240015
1525,146070.40000000037,1920,1200,1046.607998282652,575.3206274383259
1526,146102.90000000037,1920,1200,1058.1933224070217,571.9670036791407
1527,146136.40000000037,1920,1200,1057.3921722520963,576.2561728766988
1528,146169.40000000037,1920,1200,1070.15075910088,606.550979745657
1529,146202.30000000077,1920,1200,1079.2168112010868,604.8191960007439
1530,146268.20000000112,1920,1200,1048.099580886455,615.220296049155
1531,146301.20000000112,1920,1200,1065.6259665217,607.1336676525721
1532,146333.5,1920,1200,1049.365422183483,614.1779086234677
1533,146381.5,1920,1200,1066.5801728774295,605.8826544903972
1534,146433.0,1920,1200,1059.1354898132442,609.5299585843559
1535,146466.1000000015,1920,1200,1045.0198413476317,623.9327875935743
1536,146499.1000000015,1920,1200,1080.0824266746004,604.768679173039
1537,146533.20000000112,1920,1200,1056.669653682104,624.082590846512
1538,146564.70000000112,1920,1200,1054.515358856341,609.9994037099339
1539,146597.70000000112,1920,1200,1066.967056537204,607.7630466119886
1540,146631.90000000037,1920,1200,1074.8419549437112,603.7585380023479
1541,146663.70000000112,1920,1200,1067.5616979112972,607.0319109763354
1542,146697.0,1920,1200,1069.6738544095613,612.6861382966656
1543,146730.70000000112,1920,1200,1054.310753684792,612.1229044235172
1544,146763.40000000037,1920,1200,1078.1616695689645,604.0895420797473
1545,146795.80000000077,1920,1200,1045.9670786484148,613.0081022451974
1681,152886.90000000037,1920,1200,1054.034857296743,576.5699495740536
1682,152933.5,1920,1200,1057.632902438085,583.2509647934754
1683,152967.0,1920,1200,1043.893609284647,577.660049555165
1684,152999.20000000112,1920,1200,1060.9375582748617,570.3363193080551
1685,153032.6000000015,1920,1200,1058.209184023289,582.9478474518365
1686,153065.5,1920,1200,1055.858536564501,577.4231041210094
1687,153099.5,1920,1200,1054.2554405504177,589.1772148220538
1688,153131.90000000037,1920,1200,1035.8635805903125,588.5319614476942
1689,153164.40000000037,1920,1200,1046.5721366880073,613.6631890499349
1690,153198.6000000015,1920,1200,1039.295698050974,616.1116817489799
1691,153231.0,1920,1200,1049.8522378634402,619.0089915749069
1692,153263.5,1920,1200,1057.585539028215,610.1501642592011
1693,153296.6000000015,1920,1200,1062.8964696891126,608.4132797818039
1694,153329.70000000112,1920,1200,1057.8537471571638,618.0718558997023
1695,153362.30000000077,1920,1200,1048.4126524755354,613.3728971364978
1696,153395.30000000077,1920,1200,1058.168891865862,610.3222950765319
1697,153428.40000000037,1920,1200,1040.5504783419349,619.0038580539657
1698,153461.40000000037,1920,1200,1048.2256126386508,610.4233050472578
1699,153495.30000000077,1920,1200,1049.5704323747989,611.000046553576
1700,153527.0,1920,1200,1054.4784586103715,613.0013249704263
1701,153560.1000000015,1920,1200,1047.5315851508194,618.6317054152269
1702,153593.6000000015,1920,1200,1052.3961146949248,613.92474604191
1703,153626.5,1920,1200,1057.777744373724,612.6787679532678
1704,153659.90000000037,1920,1200,1059.2378823855795,611.0320126699404
1705,153693.1000000015,1920,1200,1061.884887387754,609.3351639127922
1706,153725.30000000077,1920,1200,1062.5537867124094,609.1693235193608
1707,153758.90000000037,1920,1200,1074.425270443673,608.3264331492394
1708,153791.40000000037,1920,1200,1046.6755698517252,613.5969242250984
1709,153825.6000000015,1920,1200,1075.9759829508864,603.3803891251167
1868,225564.30000000077,1920,1200,1044.8609135870947,558.1925157804914
1869,225578.6000000015,1920,1200,1032.021747029409,591.7737458979836
1870,225612.1000000015,1920,1200,1036.9105581356637,549.0353600725192
1871,225644.9000000004,1920,1200,1033.0312440235282,586.6212900909136
1872,225677.80000000077,1920,1200,1033.489620167937,554.4827696065119
1873,225710.6000000015,1920,1200,1043.7832090528093,557.2877908334647
1874,225744.5,1920,1200,1042.9729067521216,539.1840072565142
1875,225777.20000000112,1920,1200,1033.200699047475,594.1468409753161
1876,225809.30000000077,1920,1200,1041.1877058293185,572.7147521878572
1877,225842.30000000077,1920,1200,989.0125229187532,593.3714231391776
1878,225875.70000000112,1920,1200,1038.85682815173,611.2115833395206
1879,225942.5,1920,1200,1040.5089991959371,612.9648781080467
1880,225975.80000000077,1920,1200,1034.5493560643508,614.9514948447884
1881,226007.4000000004,1920,1200,1041.589076738785,612.0567514736086
1882,226040.6000000015,1920,1200,1027.1706101024065,615.1421371394125
1883,226074.1000000015,1920,1200,1041.403590492809,614.8634949984046
1884,226107.0,1920,1200,1048.0688209822767,611.8081462157144
1885,226140.0,1920,1200,1036.6698685129095,615.4896724432502
1886,226173.9000000004,1920,1200,1049.207951632391,609.7545480716724
1887,226206.5,1920,1200,1048.4129623907315,611.3720204982629
1888,226238.70000000112,1920,1200,1039.0305169051592,613.6489283506846
1889,226272.1000000015,1920,1200,1057.4986568115603,607.8106818444417
1890,226338.4000000004,1920,1200,1045.3112935726117,609.4471965464223
1891,226372.20000000112,1920,1200,1049.254873847459,610.8803450568554
1892,226404.30000000077,1920,1200,1039.858762440404,618.5077034579565
1893,226436.80000000077,1920,1200,1037.0465479611637,614.5802134802576
1894,226469.80000000077,1920,1200,1047.5794088156915,613.7442651205334
1895,226503.70000000112,1920,1200,1052.6157970761917,610.9500034032004
2058,232608.9000000004,1920,1200,1051.3199525937969,556.9495006688087
2059,232658.4000000004,1920,1200,1048.2517627859222,558.2277263799888
2060,232691.20000000112,1920,1200,1049.5475313498869,562.9848722013828
2061,232724.30000000077,1920,1200,1037.016851374642,549.5963902807808
2062,232757.30000000077,1920,1200,1047.691280314167,559.504769530591
2063,232790.4000000004,1920,1200,1050.5666139535545,577.3501140504352
2064,232822.6000000015,1920,1200,1045.9991050256697,566.1701108627008
2065,232856.4000000004,1920,1200,1036.0600446131402,544.0633739412169
2066,232889.80000000077,1920,1200,991.4846350821068,613.0835760226946
2067,232922.1000000015,1920,1200,1042.4291488925735,613.7420800246658
2068,232955.4000000004,1920,1200,1044.1568225766157,611.5924682015653
2069,232988.4000000004,1920,1200,1024.866247769677,618.3968131435794
2070,233021.5,1920,1200,1044.6219062558705,612.0087849476511
2071,233053.4000000004,1920,1200,1043.5171395926805,609.7239625061551
2072,233087.70000000112,1920,1200,1034.6053872488276,616.7900415132965
2073,233119.9000000004,1920,1200,1043.1164819604344,611.3467198078012
2074,233153.80000000077,1920,1200,1049.4888012761578,608.1217100913967
2075,233186.20000000112,1920,1200,1042.176640439266,611.6763469550901
2076,233219.1000000015,1920,1200,1048.3260696125956,610.8917715179405
2077,233252.1000000015,1920,1200,1028.1997543384532,617.7632011943695
2078,233285.1000000015,1920,1200,1041.6729894146365,611.3641979910143
2079,233317.5,1920,1200,1050.4721325842684,613.0260591996997
2080,233351.30000000077,1920,1200,1044.2089932157603,613.9885942161422
2081,233383.70000000112,1920,1200,1049.9638113367848,608.167063681621
2082,233417.30000000077,1920,1200,1050.2155907978165,609.349830659384
2083,233449.5,1920,1200,1046.9761626762595,612.1445805287808
2084,233482.9000000004,1920,1200,1040.3206535528957,614.3915025970052
2085,233515.80000000077,1920,1200,1036.5928744923406,613.4290302986847
2086,233549.5,1920,1200,1055.138287327212,607.5609614190492
2238,239637.20000000112,1920,1200,1047.7565288211224,551.3290492716477
2239,239648.1000000015,1920,1200,1036.9147807207153,588.0109760531583
2240,239679.20000000112,1920,1200,1050.6149831588607,549.3236464355821
2241,239712.70000000112,1920,1200,1046.7808207337723,574.090193036477
2242,239746.6000000015,1920,1200,1048.1914952512134,558.4717415850978
2243,239779.4000000004,1920,1200,1052.6656295465705,569.6744836586313
2244,239811.4000000004,1920,1200,1048.8006218454602,568.35261519813
2245,239848.4000000004,1920,1200,1052.1150968172717,551.269237793432
2246,239878.6000000015,1920,1200,1048.469492238018,533.7078347807285
2247,239911.0,1920,1200,1048.469491142128,533.7078414090986
2248,239943.4000000004,1920,1200,1003.4874472793545,589.4849119914569
2249,239977.70000000112,1920,1200,1028.659839976571,620.5881137493878
2250,240009.4000000004,1920,1200,1034.2394864300693,615.6554258209775
2251,240042.30000000077,1920,1200,1034.8792094166554,616.5343691253744
2252,240075.6000000015,1920,1200,1040.1613832446694,611.0153137502683
2253,240108.6000000015,1920,1200,1029.3262107643457,617.1431344055538
2254,240142.30000000077,1920,1200,1041.9761936114635,615.2522412863937
2255,240174.9000000004,1920,1200,1047.2286489193775,610.9630072426535
2256,240208.30000000077,1920,1200,1053.3167071858395,606.7727177908729
2257,240241.1000000015,1920,1200,1058.3810997692376,606.6237235465329
2258,240274.6000000015,1920,1200,1046.194365985647,612.2392479843612
2259,240339.5,1920,1200,1045.0132336711474,612.1826222195176
2260,240373.5,1920,1200,1071.5501117213814,599.9819030969035
2261,240406.1000000015,1920,1200,1029.5400039186447,617.2780404636019
2262,240439.30000000077,1920,1200,1039.5184283000472,614.2872777227242
2263,240472.80000000077,1920,1200,1044.3937843690212,613.2655885415702
2264,240504.80000000077,1920,1200,1059.4191380815237,607.5018901981705
2265,240539.30000000077,1920,1200,1055.2245800034016,607.7790580435046
2266,240571.1000000015,1920,1200,1055.2245848095974,607.7790575059956
2607,253707.4000000004,1920,1200,1051.4815162823734,551.20063044867
2608,253749.5,1920,1200,1044.953789528165,551.4606232189388
2609,253783.1000000015,1920,1200,1047.5583573949557,566.0372471341705
2610,253815.80000000077,1920,1200,1050.6446787006882,562.0494981357829
2611,253848.20000000112,1920,1200,1050.3613927149202,556.5303436309889
2612,253881.30000000077,1920,1200,1048.00960880535,551.357473286152
2613,253915.30000000077,1920,1200,1039.3890182697278,549.294889880791
2614,253980.6000000015,1920,1200,1000.6534160870592,614.1945861869425
2615,254013.9000000004,1920,1200,1040.3551664591598,614.0000699537391
2616,254046.6000000015,1920,1200,1047.882403239533,609.6975543696436
2617,254079.80000000077,1920,1200,1042.2058026447685,612.8004935715018
2618,254112.80000000077,1920,1200,1019.3171860354702,619.6600345282765
2619,254145.4000000004,1920,1200,1057.9660872298364,606.8493478690858
2620,254179.0,1920,1200,1052.6190534406164,608.6598956313976
2621,254211.6000000015,1920,1200,1057.0101492395977,608.2618833516616
2622,254243.9000000004,1920,1200,1059.9740039246508,607.2417552506747
2623,254277.9000000004,1920,1200,1041.7059479595073,614.639552057417
2624,254310.9000000004,1920,1200,1041.705947223314,614.639552720661
2625,254344.1000000015,1920,1200,1059.2271469787372,605.9468177653375
2626,254376.0,1920,1200,1048.3111450954243,611.3472329111073
2627,254409.1000000015,1920,1200,1066.2270036165164,604.2818995989041
2628,254442.30000000077,1920,1200,1054.1773234316722,609.2870860865289
2629,254476.30000000077,1920,1200,1045.897116426398,613.6887769596326
2630,254508.0,1920,1200,1054.5672229365164,611.071908222334
2631,254541.30000000077,1920,1200,1060.601251305962,607.9509533541946
2632,254574.70000000112,1920,1200,1064.8925656824167,605.3243411535019
2633,254608.0,1920,1200,1064.3706522748885,603.7276408278424
2634,254640.70000000112,1920,1200,1043.4302768992086,610.8382265134366
2788,260738.1000000015,1920,1200,1043.0204210654615,572.7954493052418
2789,260748.80000000077,1920,1200,1042.055795613225,566.7947573500937
2790,260782.30000000077,1920,1200,1049.9439951532977,561.7637454172759
2791,260814.6000000015,1920,1200,1043.301091602567,577.2671027564796
2792,260847.70000000112,1920,1200,1039.6702784052493,563.9836100178441
2793,260881.30000000077,1920,1200,1046.0493132291413,551.436459060153
2794,260914.0,1920,1200,1039.4148687327097,562.5066627705982
2795,260947.1000000015,1920,1200,1037.4857674336172,539.3284152643186
2796,260980.4000000004,1920,1200,1041.4088161562593,568.9957076060728
2797,261013.30000000077,1920,1200,1038.3755370744527,558.9021205025531
2798,261045.6000000015,1920,1200,1049.0403371441337,566.9059385453123
2799,261078.80000000077,1920,1200,1042.653971379714,566.1878754003815
2800,261145.20000000112,1920,1200,1002.2740338771018,603.7044888419923
2801,261177.6000000015,1920,1200,1058.7084410583184,604.2017004562523
2802,261211.30000000077,1920,1200,1041.244357950958,614.3693484908449
2803,261244.5,1920,1200,1060.5864293585262,607.5459940415407
2804,261277.1000000015,1920,1200,1079.8159611974463,598.6771274173028
2805,261310.4000000004,1920,1200,1053.794794886835,611.4046659678586
2806,261343.4000000004,1920,1200,1066.258679813978,602.4863607871622
2807,261376.20000000112,1920,1200,1064.954046436031,604.4037660508088
2808,261409.20000000112,1920,1200,1058.6173412921848,607.6409424818706
2809,261442.0,1920,1200,1061.9658619483594,605.1338851129738
2810,261475.80000000077,1920,1200,1063.369035240224,604.5369954910459
2811,261541.6000000015,1920,1200,1054.3872957420642,607.8667328344976
2812,261575.1000000015,1920,1200,1053.869185366236,608.1584960436626
2813,261606.80000000077,1920,1200,1051.6507503242667,609.8392703133305
2814,261640.80000000077,1920,1200,1054.8573747797125,609.1496341868741
2815,261673.5,1920,1200,1067.0142371064417,605.4781592067307
3338,281837.5,1920,1200,1043.84166487617,565.2842648201208
3339,281882.5,1920,1200,1045.807579876071,575.1540964041802
3340,281915.80000000075,1920,1200,1046.0981832598432,566.0862983597084
3341,281948.6000000015,1920,1200,1047.6718738963827,554.4521698313273
3342,281980.80000000075,1920,1200,1051.2990774010575,537.3452517555414
3343,282014.1000000015,1920,1200,1046.4306636870497,566.9913659287155
3344,282047.9000000004,1920,1200,1044.04105978996,558.9446190484375
3345,282080.0,1920,1200,1004.3307647675082,619.3776243189398
3346,282113.0,1920,1200,1049.938926888649,612.9315510428522
3347,282146.2000000011,1920,1200,1053.5906124246185,608.7657472179867
3348,282212.80000000075,1920,1200,1060.2039033000488,607.6535674630977
3349,282245.7000000011,1920,1200,1042.3819586333884,612.7040632883727
3350,282278.5,1920,1200,1059.918462644929,607.7087640910737
3351,282344.80000000075,1920,1200,1055.9403587103377,608.8938088835233
3352,282378.5,1920,1200,1057.013643039543,609.0143853417201
3353,282444.2000000011,1920,1200,1069.599717701329,606.7073205990337
3354,282476.80000000075,1920,1200,1070.398216867386,604.6441988184835
3355,282508.80000000075,1920,1200,1051.5369338949477,609.944947693274
3356,282543.6000000015,1920,1200,1071.677842300594,605.5683469411402
3357,282575.5,1920,1200,1074.7515667541968,606.3325975106554
3358,282609.5,1920,1200,1074.4226928687854,603.9448680989639
3359,282641.6000000015,1920,1200,1068.0651728018438,604.249846012134
3360,282674.80000000075,1920,1200,1047.0474839102883,612.9077429973319
3361,282740.80000000075,1920,1200,1057.9168197699978,609.3635940868338
3362,282773.7000000011,1920,1200,1057.9168205884391,609.363593813703
3523,288860.0,1920,1200,1052.428620478281,548.054078981559
3524,288905.4000000004,1920,1200,1049.7500821754502,577.1805640230418
3525,288937.80000000075,1920,1200,1040.836202211404,562.6508844246152
3526,288970.7000000011,1920,1200,1046.6868181385007,565.3745390963013
3527,289003.9000000004,1920,1200,1042.036112756074,562.2500199532323
3528,289036.7000000011,1920,1200,1051.2306236833529,558.2543069218398
3529,289069.30000000075,1920,1200,1041.8544364429515,568.5095425573609
3530,289135.5,1920,1200,1047.4743757486565,564.8464534228887
3531,289168.6000000015,1920,1200,1036.2582358514987,547.6626207084299
3532,289202.0,1920,1200,1048.7816946015696,611.8117738689656
3533,289235.4000000004,1920,1200,1041.2645784813128,612.1514246023667
3534,289267.2000000011,1920,1200,1054.600335300934,609.7225401628804
3535,289300.80000000075,1920,1200,1052.4317983980145,611.3790548960168
3536,289334.5,1920,1200,1068.9040696383904,604.6013122250057
3537,289367.6000000015,1920,1200,1059.37603633929,607.0845242181575
3538,289400.1000000015,1920,1200,1069.7797849793772,603.7043408915313
3539,289465.30000000075,1920,1200,1082.788735572277,601.9172748718407
3540,289499.1000000015,1920,1200,1088.319897852744,594.7870170570385
3541,289531.9000000004,1920,1200,1063.5671531876117,607.104022020192
3542,289564.7000000011,1920,1200,1077.0126577965968,602.2063066445119
3543,289598.80000000075,1920,1200,1065.191155412242,605.7532890969841
3544,289630.4000000004,1920,1200,1068.8182539832344,605.0296093212065
3545,289663.7000000011,1920,1200,1042.1179177324598,613.7187667909108
3546,289696.30000000075,1920,1200,1063.0830214724858,607.4920427757672
3547,289730.30000000075,1920,1200,1077.1919737034868,597.2610014219789
3548,289762.2000000011,1920,1200,1059.6271407197096,607.4999518519797
3549,289796.9000000004,1920,1200,1068.9513672236694,603.9534970678122
3927,383850.5,1920,1200,1045.793890726766,657.079956905992
3928,383883.7000000011,1920,1200,1043.3275572889029,677.3852614992057
3929,383916.9000000004,1920,1200,1060.1379765423071,610.0473588002894
3930,383950.0,1920,1200,1055.9006145258538,607.353282318605
3931,383983.6000000015,1920,1200,1053.487803964779,620.3021434749347
3932,384015.9000000004,1920,1200,1049.8294402775066,628.5161184761963
3933,384049.7000000011,1920,1200,1054.997807267803,622.9069574081212
3934,384082.5,1920,1200,1051.596205443535,619.4718262372089
3935,384118.6000000015,1920,1200,1067.818968846171,638.0725595181242
3936,384173.0,1920,1200,1075.6518212366348,628.3080776005183
3937,384184.6000000015,1920,1200,1075.651819779977,628.3080779361453
3938,384240.0,1920,1200,1079.3532784830986,624.6305276937694
3939,384290.2000000011,1920,1200,1070.181977725129,640.3702214823223
3940,384339.2000000011,1920,1200,1080.5051396572871,628.1788337212016
3941,384346.9000000004,1920,1200,1077.2355864525332,628.9353575829083
3942,384379.8000000008,1920,1200,1075.9469363116136,643.3437605130108
3943,384422.7000000011,1920,1200,1075.4388524738692,632.9974989465767
3944,384445.2000000011,1920,1200,1085.2771625342073,651.3421533323886
3945,384477.7000000011,1920,1200,1081.5763827563758,623.7157336048353
3946,384511.4000000004,1920,1200,1080.8209903897896,626.736478949477
4100,390886.2000000011,1920,1200,1057.4945102484633,634.5397678519926
4101,390936.7000000011,1920,1200,1061.5336194618912,630.8805782814251
4102,390968.7000000011,1920,1200,1057.4756203334266,640.4570319276174
4103,391002.7000000011,1920,1200,1057.293305308804,640.183632395205
4104,391034.4000000004,1920,1200,1060.7911599279732,627.35364216529
4105,391067.9000000004,1920,1200,1060.0297604144052,632.6322106881134
4106,391101.4000000004,1920,1200,1050.7948492471985,670.5255404895314
4107,391166.3000000008,1920,1200,1043.3697991468648,674.10508835977
4108,391199.3000000008,1920,1200,1073.6763490845492,637.4175287405477
4109,391249.7000000011,1920,1200,1072.8864621228563,620.5351258000181
4110,391299.1000000015,1920,1200,1073.413340653661,637.2735009559952
4111,391332.0,1920,1200,1074.821719428242,631.6529616497545
4112,391365.5,1920,1200,1079.7593146966783,618.7614469081593
4113,391398.1000000015,1920,1200,1076.150578875324,649.4916147317688
4114,391431.2000000011,1920,1200,1073.0369105401485,631.2454407556315
4115,391464.3000000008,1920,1200,1081.1559943174962,618.0751715550559
4116,391496.2000000011,1920,1200,1081.13251576635,622.6672130156467
4117,391535.3000000008,1920,1200,1077.464361169149,632.1311597937558
4118,391590.6000000015,1920,1200,1085.1938821692504,618.8563054493113
4119,391629.8000000008,1920,1200,1081.4726281354272,620.7782442492947
4120,391662.4000000004,1920,1200,1078.722417660592,633.023062670406
4121,391694.8000000008,1920,1200,1082.3104130582838,635.6719199255579
4122,391728.3000000008,1920,1200,1078.2647434875585,617.1714118679606
4123,391760.6000000015,1920,1200,1080.992730412701,644.062634499279
4124,391794.2000000011,1920,1200,1078.083602435321,636.2857030603407
4125,391826.6000000015,1920,1200,1084.4139831788932,614.0012679655082
4265,397982.1000000015,1920,1200,1057.7990030450087,650.0040028992149
4266,398028.4000000004,1920,1200,1055.265804114432,647.8770944324909
4267,398060.7000000011,1920,1200,1055.3339616773007,648.0010613138315
4268,398094.1000000015,1920,1200,1056.3858474405504,625.1295352768674
4269,398127.6000000015,1920,1200,1053.5173319669025,623.7238732431238
4270,398160.1000000015,1920,1200,1064.8260647302118,622.1975970881596
4271,398192.9000000004,1920,1200,1057.3177367892652,623.5277404602307
4272,398226.1000000015,1920,1200,1050.92751937937,649.0443903218398
4273,398259.5,1920,1200,1052.4402627636057,653.9391517552543
4274,398292.8000000008,1920,1200,1075.1788529949006,638.9845707522046
4275,398340.5,1920,1200,1081.1594258941086,619.4932261941335
4276,398397.4000000004,1920,1200,1077.0579541804182,641.272705669961
4277,398424.5,1920,1200,1080.048148977621,625.9617706305887
4278,398458.3000000008,1920,1200,1085.6963338231517,634.4439188828892
4279,398490.3000000008,1920,1200,1093.071261373054,632.2324503537327
4280,398524.0,1920,1200,1097.538307432074,590.2135998501412
4281,398556.8000000008,1920,1200,1097.4554269545845,591.2195893339785
4282,398589.4000000004,1920,1200,1119.6378837132438,601.9061240436886
4283,398622.0,1920,1200,1132.66161877015,640.9114433480652
4284,398654.8000000008,1920,1200,1117.605309532827,621.5337641541013
4285,398689.4000000004,1920,1200,1101.6545076353011,627.3870535862466
4286,398736.4000000004,1920,1200,1097.0980550446466,617.1265208118432
4287,398754.4000000004,1920,1200,1086.899221150449,619.8917901052946
4288,398787.6000000015,1920,1200,1090.332598504025,616.3892876961556
4289,398824.2000000011,1920,1200,1088.00127661998,619.330609047903
4290,398853.7000000011,1920,1200,1081.2892250064256,616.640894116532
4291,398905.4000000004,1920,1200,1081.676107844742,619.6436415706911
4292,398920.2000000011,1920,1200,1089.0961121791684,605.3866625987968
4293,398952.8000000008,1920,1200,1081.9565317768004,621.3455845678811
4885,426434.1000000015,1920,1200,1047.5413669092738,667.375915353556
4886,426508.7000000011,1920,1200,1058.3107069600885,646.5849104813649
4887,426605.1000000015,1920,1200,1058.6106584064526,627.1255290245352
4888,426666.2000000011,1920,1200,1060.0794170498584,650.8447064373297
4889,426764.7000000011,1920,1200,1058.3580655229098,647.0444390830695
4890,426798.0,1920,1200,1075.0203726670047,622.7263158499949
4891,426830.5,1920,1200,1074.4562374914296,630.5164153785086
4892,426863.7000000011,1920,1200,1074.050611473543,625.0109843224957
4893,426896.7000000011,1920,1200,1080.9726267539525,612.6271681249356
4894,426929.8000000008,1920,1200,1082.0892890427365,619.9121042579507
4895,426968.2000000011,1920,1200,1087.329372741841,623.5694395869541
4896,426995.2000000011,1920,1200,1091.6885823896328,616.5807935952454
4897,427028.8000000008,1920,1200,1091.088318073201,616.1089119285667
4898,427060.9000000004,1920,1200,1081.6171954560696,613.3115497651831
4899,427094.6000000015,1920,1200,1084.0291793800504,610.0662286356999
4900,427127.6000000015,1920,1200,1087.022425403414,613.5201673915292
5289,529586.3000000007,1920,1200,1042.020197038833,557.1059557774856
5290,529629.0,1920,1200,1038.8788211536018,547.1060315629279
5291,529662.3000000007,1920,1200,1034.9351222797095,548.9502644967246
5292,529705.3000000007,1920,1200,1035.6291817216354,540.5761632661112
5293,529728.8000000007,1920,1200,1026.3263921116638,563.5032967442744
5294,529762.4000000004,1920,1200,1033.6614175688107,548.131895479913
5295,529794.9000000004,1920,1200,1030.1427862513126,561.7110481148503
5296,529828.1000000015,1920,1200,1034.0925088563868,557.5123411729934
5297,529860.8000000007,1920,1200,1035.754550954349,615.8494822238604
5298,529894.3000000007,1920,1200,1053.846410657078,608.5247876089531
5299,529927.5,1920,1200,1070.8546217885478,602.8771756615837
5300,529959.9000000004,1920,1200,1068.7651057011135,603.4193610241099
5301,529993.2000000011,1920,1200,1086.841028471258,587.9897411567808
5302,530025.9000000004,1920,1200,1068.1739791264797,600.6296878071446
5303,530058.3000000007,1920,1200,1078.9481140858873,589.910412009528
5304,530092.1000000015,1920,1200,1058.2543245861327,606.9261571355764
5305,530124.1000000015,1920,1200,1063.1499398958565,594.0459557451568
5306,530158.0,1920,1200,1080.908945564621,588.6291097682421
5307,530190.9000000004,1920,1200,1051.441349395937,610.1261512496116
5308,530224.1000000015,1920,1200,1074.3732175693751,602.821449028473
5309,530256.2000000011,1920,1200,1063.1740099220856,605.2896567693292
5310,530290.2000000011,1920,1200,1076.7029597869464,592.02379316238
5311,530322.2000000011,1920,1200,1078.1205293492826,597.0854626527274
5312,530355.4000000004,1920,1200,1063.863828645624,606.8701768127953
5313,530389.4000000004,1920,1200,1043.9343687241826,613.4650277015473
5314,530421.6000000015,1920,1200,1069.0492274998653,601.8246148449512
5315,530455.9000000004,1920,1200,1072.6422571309288,595.3718264879153
5316,530488.1000000015,1920,1200,1077.6615493896572,602.0455262321036
5317,530520.0,1920,1200,1062.731103319897,606.9901815063714
5474,536608.6000000015,1920,1200,1029.7905749056008,508.41603525604734
5475,536655.8000000007,1920,1200,1012.2174725853764,526.6416922743291
5476,536690.2000000011,1920,1200,1031.2730601663643,457.2271697205824
5477,536722.3000000007,1920,1200,1036.5706385207966,486.2180702501333
5478,536754.6000000015,1920,1200,1020.309237139202,449.2258016467292
5479,536788.0,1920,1200,1020.5898149557923,512.7734037116289
5480,536821.3000000007,1920,1200,1031.8103977792998,501.6428454154478
5481,536854.4000000004,1920,1200,1010.5306163393122,523.5855210452747
5482,536887.4000000004,1920,1200,1012.4339728068236,529.3674556470305
5483,536920.3000000007,1920,1200,1033.208551724802,615.7943559732903
5484,536953.6000000015,1920,1200,1051.515773964931,602.2809515887718
5485,536985.9000000004,1920,1200,1032.547178745892,602.4448683261215
5486,537019.4000000004,1920,1200,1045.4800094740738,609.2093087873767
5487,537051.8000000007,1920,1200,1076.085289247894,600.8285155700021
5488,537085.7000000011,1920,1200,1046.0538280410983,595.2863596732619
5489,537118.7000000011,1920,1200,1040.830705277534,610.8027566533431
5490,537151.4000000004,1920,1200,1055.2168862395486,592.7769912752135
5491,537183.9000000004,1920,1200,1076.6102286939702,586.2188327287528
5492,537218.1000000015,1920,1200,1043.4921781193827,612.5816119947351
5493,537249.6000000015,1920,1200,1054.4958944570467,595.4559805014339
5494,537283.8000000007,1920,1200,1050.214992006774,600.4119274758735
5495,537315.6000000015,1920,1200,1066.6264629414748,586.352101550126
5496,537350.2000000011,1920,1200,1054.153098777905,606.3989226177689
5497,537382.7000000011,1920,1200,1062.8709847220275,602.1156896265113
5498,537414.8000000007,1920,1200,1031.0030122598405,608.698942064331
5499,537448.3000000007,1920,1200,1047.3169311394663,609.5671317072074
5500,537480.7000000011,1920,1200,1062.2410276297114,596.9492150737457
5501,537513.9000000004,1920,1200,1046.6226746778682,609.7982278306176
5502,537547.1000000015,1920,1200,1036.6936026061812,604.6909852360338
5843,550643.1000000015,1920,1200,1023.3022450906992,462.9396157587118
5844,550695.9000000004,1920,1200,1017.924608596818,470.5050622611888
5845,550728.5,1920,1200,1041.5999643647006,497.78633784956486
5846,550761.5,1920,1200,1031.9169734834102,483.6105064861604
5847,550794.5,1920,1200,1022.032397152683,471.1454268810031
5848,550828.0,1920,1200,1010.1854230292691,475.7008222604638
5849,550860.3000000007,1920,1200,1041.9315465576262,507.9278562858928
5850,550893.7000000011,1920,1200,1032.0999568250832,503.2146825095111
5851,550926.2000000011,1920,1200,1019.7165310740504,467.67927127251977
5852,550959.0,1920,1200,1020.0406070506326,575.572768410424
5853,550993.1000000015,1920,1200,1072.7579222949107,585.7082801657034
5854,551025.8000000007,1920,1200,1046.310941488539,605.3070651842503
5855,551057.9000000004,1920,1200,1056.1461147901553,575.9370777287385
5856,551091.5,1920,1200,1063.3630197195655,588.8340094362268
5857,551124.0,1920,1200,1068.6026498104725,585.7827295275846
5858,551157.2000000011,1920,1200,1045.97111479558,603.1406114212683
5859,551190.6000000015,1920,1200,1055.6061117960337,585.9058543621043
5860,551223.8000000007,1920,1200,1068.3135339451885,570.5716671522779
5861,551256.3000000007,1920,1200,1038.1385250720996,596.4922998864497
5862,551290.8000000007,1920,1200,1041.4977921061525,594.434361012219
5863,551322.5,1920,1200,1065.8945014057567,584.3226763111284
5864,551356.3000000007,1920,1200,1055.6377365409455,583.9700448942237
5865,551388.8000000007,1920,1200,1051.4582814554662,584.6793032213457
5866,551421.3000000007,1920,1200,1078.62318085956,590.2204457086673
5867,551453.9000000004,1920,1200,1069.3670358337486,585.0421439836728
5868,551487.4000000004,1920,1200,1073.143545503943,575.7106230101089
5869,551520.4000000004,1920,1200,1058.2765627853978,579.6226044493546
5870,551553.5,1920,1200,1076.2165534297048,572.6886774579226
5871,551586.7000000011,1920,1200,1061.4663450859034,574.2023960486746
6030,557688.2000000011,1920,1200,1028.5592574999,498.8265246151889
6031,557728.3000000007,1920,1200,1034.6001375537955,463.1506311353863
6032,557761.7000000011,1920,1200,1026.018814459626,473.9667527753623
6033,557794.2000000011,1920,1200,1020.0770394616968,474.9043347149176
6034,557827.6000000015,1920,1200,1019.7972946333005,463.6470978783972
6035,557872.6000000015,1920,1200,1040.3052466441693,508.8344333039379
6036,557927.9000000004,1920,1200,998.8551984634856,548.1256861948639
6037,557959.3000000007,1920,1200,1032.5251047724455,616.6234462774707
6038,557992.5,1920,1200,1062.0902994968988,597.8560600165865
6039,558026.3000000007,1920,1200,1060.7949128148225,597.3346245789768
6040,558059.0,1920,1200,1078.5256653952072,587.4679822816578
6041,558092.5,1920,1200,1054.31641160403,595.144026777865
6042,558124.7000000011,1920,1200,1044.0429414949429,607.7060960209976
6043,558157.6000000015,1920,1200,1057.2264825134205,599.3030833829738
6044,558190.4000000004,1920,1200,1056.8936327203005,585.0657156468571
6045,558224.0,1920,1200,1074.09787169308,587.7040032428216
6046,558256.1000000015,1920,1200,1062.536414098986,580.621527760179
6047,558289.4000000004,1920,1200,1052.9614045832789,593.2472440327122
6048,558322.1000000015,1920,1200,1058.140257171741,582.9236948218638
6049,558356.0,1920,1200,1044.2514384027693,609.892875445947
6050,558388.3000000007,1920,1200,1066.2687161060485,586.0767164206267
6051,558422.0,1920,1200,1041.0074119207168,607.9663521680164
6052,558455.9000000004,1920,1200,1037.9817906989074,602.1531650373962
6053,558487.1000000015,1920,1200,1053.4908379783042,596.9086661178544
6054,558520.5,1920,1200,1065.1192695462298,590.6702028855912
6055,558554.2000000011,1920,1200,1059.486284391595,591.7774165891079
6056,558587.1000000015,1920,1200,1073.2594084163372,577.45195146631
6057,558619.6000000015,1920,1200,1079.3112399136896,588.7849577728778
6216,564721.8000000007,1920,1200,1040.661176230468,439.4691311233311
6217,564730.3000000007,1920,1200,1033.935004572922,463.8079019818306
6218,564795.9000000004,1920,1200,1029.8443117886145,460.4175948265022
6219,564828.4000000004,1920,1200,1028.692705067362,490.8932757971551
6220,564861.4000000004,1920,1200,1038.4076260974327,508.0738044361393
6221,564894.1000000015,1920,1200,1024.801533260939,468.12566538752566
6222,564927.2000000011,1920,1200,1030.60480697407,471.410292285568
6223,564965.8000000007,1920,1200,1027.037518632157,477.3512134744229
6224,564993.1000000015,1920,1200,1035.419792461088,481.1151245483821
6225,565026.5,1920,1200,1045.1455307087938,591.8054883268021
6226,565059.3000000007,1920,1200,1036.6048471734268,599.3838595877563
6227,565092.6000000015,1920,1200,1056.4021672832023,593.2444354678221
6228,565125.8000000007,1920,1200,1087.6356226157232,578.2734489631658
6229,565157.9000000004,1920,1200,1072.7847575426335,590.0170361924477
6230,565191.1000000015,1920,1200,1089.767312096226,577.9947280059623
6231,565224.7000000011,1920,1200,1080.0509138742984,584.4971654531331
6232,565257.0,1920,1200,1095.9089351193504,569.10054305358
6233,565291.0,1920,1200,1093.5191963845464,579.654806912885
6234,565324.0,1920,1200,1114.858155993127,591.3386012473107
6235,565390.2000000011,1920,1200,1096.0452908609386,595.2267763905091
6236,565488.0,1920,1200,1107.1290038773468,584.0073071939081
6237,565521.1000000015,1920,1200,1111.7622865486098,578.699159390997
6238,565554.7000000011,1920,1200,1103.307556413756,580.8332407251316
6239,565587.4000000004,1920,1200,1089.9355416184972,591.6278377970087
6240,565619.7000000011,1920,1200,1094.2612057569015,585.4601035098827
6241,565653.0,1920,1200,1093.6889403470798,581.7110805841247
6402,571749.1000000015,1920,1200,1030.819511789717,430.4773018334375
6403,571798.0,1920,1200,1018.6071565885672,439.2175376875066
6404,571831.2000000011,1920,1200,1033.6074444350172,434.1902893623744
6405,571864.0,1920,1200,1019.1661577160104,420.8050166210646
6406,571897.4000000004,1920,1200,1006.8681585286936,513.6328642843466
6407,571931.1000000015,1920,1200,1029.101790736508,453.4343743128448
6408,571996.1000000015,1920,1200,1015.343054325744,456.3063758666582
6409,572029.7000000011,1920,1200,1006.5245258975788,551.2263392560678
6410,572063.0,1920,1200,1054.0316926551518,586.0321417678788
6411,572096.1000000015,1920,1200,1054.459016834572,579.0496703801462
6412,572128.1000000015,1920,1200,1058.9556711766147,590.1939219208457
6413,572161.6000000015,1920,1200,1067.6718732332745,571.2992367813047
6414,572193.8000000007,1920,1200,1054.7460092090737,584.3659821776788
6415,572227.2000000011,1920,1200,1043.4236710749722,595.9632592953266
6416,572260.5,1920,1200,1042.589699068556,605.8640530503359
6417,572293.3000000007,1920,1200,1047.32771005334,602.8296777224824
6418,572326.1000000015,1920,1200,1061.71642111163,583.2374640441907
6419,572360.7000000011,1920,1200,1058.1260608732543,583.7352018356061
6420,572392.5,1920,1200,1063.933510826375,595.5301594285694
6421,572424.8000000007,1920,1200,1054.3545517729306,600.1586218985777
6422,572458.3000000007,1920,1200,1085.3008025001675,571.7781670471967
6423,572491.6000000015,1920,1200,1066.1112018877293,592.1142765181484
6424,572524.2000000011,1920,1200,1068.0559439187646,586.3635856015779
6425,572557.9000000004,1920,1200,1072.2659519778722,582.9822802095741
6426,572590.4000000004,1920,1200,1033.0721365183006,615.0206706172816
6427,572622.8000000007,1920,1200,1064.3122380333402,588.019034700811
6428,572656.2000000011,1920,1200,1087.089999881445,590.7736364980395
6429,572688.8000000007,1920,1200,1062.9443399669558,570.6733223355925
6949,592819.3000000007,1920,1200,1025.4541300561782,499.6535383815621
6950,592864.8000000007,1920,1200,1023.9098834919638,499.5371382061477
6951,592897.9000000004,1920,1200,1028.842263883057,489.43996414168674
6952,592931.5,1920,1200,1021.0906312305708,460.6336881731373
6953,592964.1000000015,1920,1200,1012.1617611684536,543.7996637630937
6954,592997.3000000007,1920,1200,1033.0211117359547,497.17204986815193
6955,593030.6000000015,1920,1200,1024.6817172447968,449.5381693437544
6956,593063.4000000004,1920,1200,1031.5595120630153,449.2248190641095
6957,593096.4000000004,1920,1200,1025.5647932156792,470.0506935347794
6958,593129.6000000015,1920,1200,1015.7453811220556,451.7185958126842
6959,593162.8000000007,1920,1200,1025.9134058913253,504.32242485220536
6960,593196.1000000015,1920,1200,1021.9487473451222,495.96762471255033
6961,593229.0,1920,1200,1016.9798660610684,502.0667937171109
6962,593260.9000000004,1920,1200,1007.4703129985994,500.3176221222393
6963,593294.1000000015,1920,1200,1055.732869827035,600.3214858150167
6964,593327.6000000015,1920,1200,1064.535555808323,586.1981364965167
6965,593360.1000000015,1920,1200,1047.01788953453,594.1272285558387
6966,593392.4000000004,1920,1200,1036.4480230948234,599.7393794330908
6967,593433.2000000011,1920,1200,1053.4314784749477,596.4604949057848
6968,593459.7000000011,1920,1200,1065.5578828537916,578.8653686854273
6969,593491.5,1920,1200,1082.204877392218,570.6279718979141
6970,593525.4000000004,1920,1200,1052.6965433979055,600.4841296446115
6971,593558.4000000004,1920,1200,1055.91916971069,598.62785683694
6972,593590.7000000011,1920,1200,1078.377196047457,587.8761807918995
6973,593624.4000000004,1920,1200,1070.6828449167738,586.294688487837
6974,593656.4000000004,1920,1200,1078.3119426519795,577.0997113477125
6975,593690.0,1920,1200,1070.9980788580528,564.8188411999151
6976,593722.6000000015,1920,1200,1070.6055991726157,568.4385424218038
6977,593756.0,1920,1200,1068.453598332767,569.3588400300896
7231,649575.9000000004,1920,1200,1052.5299913954557,548.653113208844
7232,649616.0,1920,1200,1050.202033526784,560.5092110328483
7233,649649.2000000011,1920,1200,1048.602853601913,539.8128106920685
7234,649682.0,1920,1200,1053.6282528357171,564.862645367405
7235,649714.7000000011,1920,1200,1044.6398628039697,533.2107920581692
7236,649747.7000000011,1920,1200,1055.4950356102777,540.5874918612823
7237,649781.2000000011,1920,1200,1057.714878690356,570.6371790933321
7238,649814.4000000004,1920,1200,1042.588674564818,587.7123228813177
7239,649847.3000000007,1920,1200,1076.7782395247775,595.2596327591839
7240,649880.9000000004,1920,1200,1059.0115265375482,603.2532697490503
7241,649913.1000000015,1920,1200,1077.2672563594638,602.0671061664281
7242,649946.1000000015,1920,1200,1074.8479987503993,597.4330339030453
7243,649979.5,1920,1200,1085.6067712104143,588.6572166989379
7244,650011.6000000015,1920,1200,1085.2595373390425,581.3288532950806
7245,650046.5,1920,1200,1081.4692157861143,587.7054205910175
7246,650078.1000000015,1920,1200,1077.2358092937236,598.6147503608746
7247,650112.2000000011,1920,1200,1076.0006551771903,598.3296511478292
7248,650144.3000000007,1920,1200,1067.8059129646383,605.2196187117785
7249,650177.1000000015,1920,1200,1067.886952328,605.3982355732221
7250,650210.3000000007,1920,1200,1070.476861218767,603.1830804639667
7251,650243.1000000015,1920,1200,1085.755744832913,593.4267004844694
7252,650276.3000000007,1920,1200,1085.3238764903374,586.1269030128246
7253,650309.8000000007,1920,1200,1082.1733668713437,597.1740565323174
7254,650374.5,1920,1200,1072.0241205644347,603.0426118581222
7255,650441.2000000011,1920,1200,1073.4257673430257,601.1296757515127
7256,650473.8000000007,1920,1200,1063.2100456090036,604.9027722649304
7257,650507.2000000011,1920,1200,1074.1906707959713,597.0997001738187
7416,656605.8000000007,1920,1200,1054.5232224918732,569.2709635077722
7417,656654.4000000004,1920,1200,1053.3141975329245,543.3397881808866
7418,656687.2000000011,1920,1200,1053.6842991691444,545.5373002251632
7419,656719.8000000007,1920,1200,1055.665895678914,555.3663390555053
7420,656753.2000000011,1920,1200,1048.8809992671413,550.6523945953732
7421,656785.6000000015,1920,1200,1049.900581514299,524.9569772728811
7422,656818.8000000007,1920,1200,1055.020008596191,535.5525912862076
7423,656852.4000000004,1920,1200,1029.2546020829843,605.6543228904654
7424,656886.1000000015,1920,1200,1075.632569045691,602.0218562666337
7425,656917.4000000004,1920,1200,1078.0009155854202,600.5180238054303
7426,656951.5,1920,1200,1077.2305711419706,596.4303087461724
7427,656983.6000000015,1920,1200,1073.3687942911283,600.4668185477508
7428,657016.9000000004,1920,1200,1078.396060386206,595.6382421425952
7429,657049.9000000004,1920,1200,1092.682471471041,588.6628957201323
7430,657082.3000000007,1920,1200,1082.422344062728,588.5644529612914
7431,657116.0,1920,1200,1091.7379162245472,589.8607214182654
7432,657148.6000000015,1920,1200,1073.2825351809615,603.5825441012081
7433,657182.4000000004,1920,1200,1088.1942190186176,590.9551815071436
7434,657215.4000000004,1920,1200,1092.8188450247776,589.6262784592111
7435,657247.4000000004,1920,1200,1092.1633111766198,583.6494069269555
7436,657280.5,1920,1200,1091.310105513547,594.3665472007738
7437,657313.4000000004,1920,1200,1116.5219866941063,596.210990166239
7438,657346.8000000007,1920,1200,1095.7952168961085,604.8740051639099
7439,657379.4000000004,1920,1200,1101.4742510933102,601.3659291349787
7440,657511.5,1920,1200,1106.490251675497,596.0005362541407
7441,657544.9000000004,1920,1200,1106.4902623101077,596.0005412358586
7970,677705.3000000007,1920,1200,1036.8539745921596,566.5238608630028
7971,677717.2000000011,1920,1200,1041.890152093472,536.8481511930794
7972,677745.2000000011,1920,1200,1040.1946891937123,532.9498111584965
7973,677779.1000000015,1920,1200,1040.2223732356383,553.0898863754448
7974,677811.9000000004,1920,1200,1052.5686052243411,535.74068317104
7975,677845.3000000007,1920,1200,1040.8161267810465,525.3378990393095
7976,677877.3000000007,1920,1200,1039.3518707560677,509.71758518449553
7977,677911.4000000004,1920,1200,1047.4982793283614,533.1981244107145
7978,677944.7000000011,1920,1200,1040.7098997839196,529.9308539257819
7979,677976.7000000011,1920,1200,1067.4191537673123,600.3983003871418
7980,678010.5,1920,1200,1067.419152921962,600.3983002449705
7981,678042.9000000004,1920,1200,1079.2726661980291,590.8143544023078
7982,678075.8000000007,1920,1200,1084.978526076018,592.0351443987843
7983,678108.3000000007,1920,1200,1086.3188671581463,596.8927077919856
7984,678142.3000000007,1920,1200,1076.7524700936615,600.4917379317953
7985,678175.0,1920,1200,1090.9684697103587,588.3788538490915
7986,678221.5,1920,1200,1089.5106934395317,592.0358063330983
7987,678241.4000000004,1920,1200,1095.4961727926936,582.4003323278546
7988,678273.8000000007,1920,1200,1099.1880339109366,575.1498211463239
7989,678307.4000000004,1920,1200,1097.2215865777966,587.7768152532127
7990,678339.2000000011,1920,1200,1096.357046154241,577.6448339688608
7991,678372.7000000011,1920,1200,1079.784828620113,598.7739828413262
7992,678438.9000000004,1920,1200,1082.6259718380347,594.9838783920891
7993,678471.5,1920,1200,1079.5874645632953,596.9408837010625
7994,678504.3000000007,1920,1200,1095.3405090354354,579.8420950679275
7995,678537.4000000004,1920,1200,1081.4794291121834,594.9210870650506
7996,678570.7000000011,1920,1200,1070.255463625622,601.7615733576256
7997,678604.9000000004,1920,1200,1062.3057410202407,606.7464797487909
7998,678637.9000000004,1920,1200,1079.6730024876222,591.3522446523065
8527,698774.1000000015,1920,1200,1028.5601129205213,581.6596550388624
8528,698818.8000000007,1920,1200,1036.1861062771018,595.2719819534981
8529,698851.4000000004,1920,1200,1036.977195760421,585.2377036139013
8530,698885.1000000015,1920,1200,1029.1708144344927,549.5320158167895
8531,698918.6000000015,1920,1200,1029.214839388957,548.9468666772129
8532,698950.9000000004,1920,1200,1034.5599155578907,567.5422671807323
8533,698985.2000000011,1920,1200,1034.7863201736668,556.8384413250508
8534,699016.9000000004,1920,1200,1032.5044138684152,534.6282810636985
8535,699051.1000000015,1920,1200,1035.263916214481,523.3745989787097
8536,699082.5,1920,1200,1020.8130171934914,606.9613634417358
8537,699116.4000000004,1920,1200,1078.129774454433,602.3033261527629
8538,699148.5,1920,1200,1087.7952107075432,588.1315551331113
8539,699181.1000000015,1920,1200,1079.0371400040165,598.1269515424696
8540,699214.8000000007,1920,1200,1103.24276762416,576.9169342617226
8541,699248.2000000011,1920,1200,1089.0109453571629,593.1597849480613
8542,699281.0,1920,1200,1090.7336150486249,584.8476442664013
8543,699314.9000000004,1920,1200,1080.77685904882,599.6852527270435
8544,699348.1000000015,1920,1200,1110.1754473052504,581.5787860785229
8545,699379.7000000011,1920,1200,1103.149456058678,581.7509969358407
8546,699412.3000000007,1920,1200,1083.5628221624106,587.1692295112553
8547,699454.6000000015,1920,1200,1104.3090719759168,575.0067901503204
8548,699479.3000000007,1920,1200,1095.988374698083,580.5603764074408
8549,699511.9000000004,1920,1200,1097.904409166188,580.4810839124448
8550,699545.1000000015,1920,1200,1098.3611217449377,580.2867694474212
8551,699577.8000000007,1920,1200,1082.325622941835,589.3386718697379
8552,699610.8000000007,1920,1200,1079.2116987955128,593.2038022057944
8553,699644.6000000015,1920,1200,1098.2877431859697,580.6074989339941
8554,699677.2000000011,1920,1200,1077.8468740867938,598.1111970263231
8555,699709.9000000004,1920,1200,1089.1120424441754,595.6945776349199
8891,712826.6000000015,1920,1200,1036.040217443121,535.4416515353478
8892,712870.5,1920,1200,1042.0079372394584,523.9132709228417
8893,712902.9000000004,1920,1200,1032.6419295190988,531.3839429207961
8894,712935.6000000015,1920,1200,1041.6923055574405,514.4326274269316
8895,712969.3000000007,1920,1200,1037.2464154247753,523.2903420015359
8896,713001.7000000011,1920,1200,1042.7491904371475,550.3750010291524
8897,713035.0,1920,1200,1041.958432014201,533.2088323107647
8898,713067.7000000011,1920,1200,1039.8742157093288,607.5495989319552
8899,713101.6000000015,1920,1200,1057.4515887924388,605.7363905279204
8900,713134.4000000004,1920,1200,1075.730143017061,594.0582068571089
8901,713166.6000000015,1920,1200,1077.7776828911635,596.2264055512127
8902,713233.3000000007,1920,1200,1067.000346882086,602.4966184282587
8903,713266.1000000015,1920,1200,1088.2362706254398,581.1774600180152
8904,713299.1000000015,1920,1200,1091.3072036269043,588.2656414931085
8905,713332.3000000007,1920,1200,1066.00659331184,600.6034258159615
8906,713365.5,1920,1200,1091.889226976327,588.6358907618949
8907,713398.0,1920,1200,1092.4407057181847,586.0761645742606
8908,713430.4000000004,1920,1200,1105.9418564297148,579.0170604777289
8909,713464.0,1920,1200,1089.1074872361228,588.8343460705025
8910,713496.3000000007,1920,1200,1092.1547801803777,590.1441986179851
8911,713530.0,1920,1200,1090.6838611809549,590.644464895098
8912,713564.3000000007,1920,1200,1075.2663436571004,594.0714895010512
8913,713629.0,1920,1200,1107.7193889983691,580.0740227075604
8914,713662.1000000015,1920,1200,1114.0221010234688,575.9563112559433
8915,713694.8000000007,1920,1200,1092.492755744789,585.9428444735483
8916,713728.9000000004,1920,1200,1103.5323297944676,583.6433299025398
8917,713761.5,1920,1200,1094.5344819039178,585.8161741517637
